1x3D,,,,,,,,,,,,,,,,
,,,,,,,,,,,,,,,,
 ,,R = 7 Ohm,CL = 630 uF,,CL = 530 uF,,"CL = 430 uF	",,CL = 330 uF,,CL = 200 uF        ,,CL = 100 uF,,CL = 47 uF,
,,uF,mW,mW,mW,mW,mW,mW,mW,mW,mW,mW,mW,mW,mW,mW
,,rpm,Po,Pi,Po,Pi,Po,Pi,Po,Pi,Po,Pi,Po,Pi,Po,Pi
,1,100,"88,411","309,719","86,034","272,898","76,381","309,637","77,545","298,865","47,141","183,264","25,357","119,855","11,495","73,252"
,2,150,"253,774","692,119","246,362","612,872","237,020","718,478","249,545","710,828","164,401","467,053","109,150","348,248","58,653","230,002"
,3,200,"489,338","1,184,417","485,651","1,100,776","485,047","1,263,350","512,080","1,248,293","341,601","836,815","277,611","724,381","163,915","502,494"
,4,250,"782,252","1,747,595","782,915","1,667,383","800,438","1,919,903","840,829","1,880,672","487,869","1,161,082","541,473","1,250,446","362,376","946,912"
,5,300,"1,106,639","2,338,443","1,118,877","2,305,107","1,144,346","2,542,164","1,197,746","2,544,383","730,381","1,608,565","841,800","1,805,465","674,790","1,582,390"
,6,350,"1,457,375","2,951,968","1,484,129","2,981,180","1,514,087","3,176,329","1,582,914","3,232,677","991,250","2,048,543","1,143,152","2,324,163","1,088,243","2,373,436"
,7,400,"181,742","3,587,512","1,851,058","3,637,469","1,893,561","3,832,529","1,960,729","3,891,444","1,227,541","2,423,506","1,398,741","2,734,080","1,511,813","3,136,848"
,,,,,,,,,,,,,,,,
,,,,,,,,,,,,,,,,
,,,,,,,,,,,,,,,,
,,,,,,,,,,,,,,,,
,,,,,,,,,,,,,,,,
,,,,,,,,,,,,,,,,
,,,,,,,,,,,,,,,,
,,,,,,,,,,,,,,,,
,,,,,,,,,,,,,,,,
,,,,,,,,,,,,,,,,
,,,,,,,,,,,,,,,,
,,,,,,,,,,,,,,,,
,,,,,,,,,,,,,,,,
,,,,,,,,,,,,,,,,
,,,,,,,,,,,,,,,,
,,,,,,,,,,,,,,,,
,,,,,,,,,,,,,,,,
,,,,,,,,,,,,,,,,
,,,,,,,,,,,,,,,,
,,,,,,,,,,,,,,,,
,,,,,,,,,,,,,,,,
,,,,,,,,,,,,,,,,
,,,,,,,,,,,,,,,,
,,,,,,,,,,,,,,,,
,,,,,,,,,,,,,,,,
,,,,,,,,,,,,,,,,
,,,,,,,,,,,,,,,,
,,,,,,,,,,,,,,,,
,,,,,,,,,,,,,,,,
,,,,,,,,,,,,,,,,
,,,,,,,,,,,,,,,,
,,,,,,,,,,,,,,,,
,,,,,,,,,,,,,,,,
,,,,,,,,,,,,,,,,
,,,,,,,,,,,,,,,,
,,,,,,,,,,,,,,,,
,,,,,,,,,,,,,,,,
,,,,,,,,,,,,,,,,
,,,,,,,,,,,,,,,,
,,,,,,,,,,,,,,,,
,,,,,,,,,,,,,,,,
,,,,,,,,,,,,,,,,
,,,,,,,,,,,,,,,,
,,,,,,,,,,,,,,,,
,,,,,,,,,,,,,,,,
,,,,,,,,,,,,,,,,
,,,,,,,,,,,,,,,,
,,,,,,,,,,,,,,,,
,,,,,,,,,,,,,,,,
,,,,,,,,,,,,,,,,
,,,,,,,,,,,,,,,,
,,,,,,,,,,,,,,,,
,,,,,,,,,,,,,,,,
,,,,,,,,,,,,,,,,
,,,,,,,,,,,,,,,,
,,,,,,,,,,,,,,,,
,,,,,,,,,,,,,,,,
,,,,,,,,,,,,,,,,
,,,,R = inf,CL = 630 uF,,,CL = 47 uF,,,,,,,,
,,,,,V,V,V,V,V,V,,,,,,
,,,,rpm,Vo,HF ripple,LF ripple,Vo,HF ripple,LF ripple,,,,,,
,,,,100,,,,1,"0,022",,,,,,,
,,,,150,,,,"1,46","0,021",,,,,,,
,,,,200,,,,"1,91","0,017",,,,,,,
,,,,250,,,,"2,365","0,017",,,,,,,
,,,,300,,,,"2,825","0,017",,,,,,,
,,,,350,,,,"3,275","0,017",,,,,,,
,,,,400,,,,"3,755","0,017",,,,,,,
